استان,شهر
اردبیل,اردبیل
اردبیل,اصلاندوز
اردبیل,آبی بیگلو
اردبیل,بیله سوار
اردبیل,پارس آباد
اردبیل,تازه کند
اردبیل,تازه کندانگوت
اردبیل,جعفرآباد
اردبیل,خلخال
اردبیل,رضی
اردبیل,سرعین
اردبیل,عنبران
اردبیل,فخرآباد
اردبیل,کلور
اردبیل,کوراییم
اردبیل,گرمی
اردبیل,گیوی
اردبیل,لاهرود
اردبیل,مرادلو
اردبیل,مشگین شهر
اردبیل,نمین
اردبیل,نیر
اردبیل,هشتجین
اردبیل,هیر
اصفهان,ابریشم
اصفهان,ابوزیدآباد
اصفهان,اردستان
اصفهان,اژیه
اصفهان,اصفهان
اصفهان,افوس
اصفهان,انارک
اصفهان,ایمانشهر
اصفهان,آران وبیدگل
اصفهان,بادرود
اصفهان,باغ بهادران
اصفهان,بافران
اصفهان,برزک
اصفهان,برف انبار
اصفهان,بوئین ومیاندشت
اصفهان,بهاران شهر
اصفهان,بهارستان
اصفهان,پیربکران
اصفهان,تودشک
اصفهان,تیران
اصفهان,جندق
اصفهان,جوزدان
اصفهان,جوشقان وکامو
اصفهان,چادگان
اصفهان,چرمهین
اصفهان,چمگردان
اصفهان,حبیب آباد
اصفهان,حسن آباد
اصفهان,حنا
اصفهان,خالدآباد
اصفهان,خمینی شهر
اصفهان,خوانسار
اصفهان,خور
اصفهان,خوراسگان
اصفهان,خورزوق
اصفهان,داران
اصفهان,دامنه
اصفهان,درچه پیاز
اصفهان,دستگرد
اصفهان,دولت آباد
اصفهان,دهاقان
اصفهان,دهق
اصفهان,دیزیچه
اصفهان,رزوه
اصفهان,رضوانشهر
اصفهان,زاینده رود
اصفهان,زرین شهر
اصفهان,زواره
اصفهان,زیباشهر
اصفهان,سده لنجان
اصفهان,سفیدشهر
اصفهان,سگزی
اصفهان,سمیرم
اصفهان,شاپورآباد
اصفهان,شاهین شهر
اصفهان,شهرضا
اصفهان,طالخونچه
اصفهان,عسگران
اصفهان,علویچه
اصفهان,فرخی
اصفهان,فریدونشهر
اصفهان,فلاورجان
اصفهان,فولادشهر
اصفهان,قمصر
اصفهان,قهجاورستان
اصفهان,قهدریجان
اصفهان,کاشان
اصفهان,کرکوند
اصفهان,کلیشادوسودرجان
اصفهان,کمشچه
اصفهان,کمه
اصفهان,کوشک
اصفهان,کوهپایه
اصفهان,کهریزسنگ
اصفهان,گرگاب
اصفهان,گزبرخوار
اصفهان,گلپایگان
اصفهان,گلدشت
اصفهان,گلشن
اصفهان,گلشهر
اصفهان,گوگد
اصفهان,لای بید
اصفهان,مبارکه
اصفهان,محمدآباد
اصفهان,مشکات
اصفهان,منظریه
اصفهان,مهاباد
اصفهان,میمه
اصفهان,نائین
اصفهان,نجف آباد
اصفهان,نصرآباد
اصفهان,نطنز
اصفهان,نوش آباد
اصفهان,نیاسر
اصفهان,نیک آباد
اصفهان,ورزنه
اصفهان,ورنامخواست
اصفهان,وزوان
اصفهان,ونک
اصفهان,هرند
البرز,اشتهارد
البرز,آسارا
البرز,تنکمان
البرز,چهارباغ
البرز,سیف آباد
البرز,شهرجدیدهشتگرد
البرز,طالقان
البرز,کرج
البرز,کمال شهر
البرز,کوهسار
البرز,گرمدره
البرز,ماهدشت
البرز,محمدشهر
البرز,مشکین دشت
البرز,نظرآباد
البرز,هشتگرد
ایلام,ارکواز
ایلام,ایلام
ایلام,ایوان
ایلام,آبدانان
ایلام,آسمان آباد
ایلام,بدره
ایلام,پهله
ایلام,توحید
ایلام,چوار
ایلام,دره شهر
ایلام,دلگشا
ایلام,دهلران
ایلام,زرنه
ایلام,سراب باغ
ایلام,سرابله
ایلام,صالح آباد
ایلام,لومار
ایلام,مورموری
ایلام,موسیان
ایلام,مهران
ایلام,میمه
آذربایجان شرقی,اسکو
آذربایجان شرقی,اهر
آذربایجان شرقی,ایلخچی
آذربایجان شرقی,آبش احمد
آذربایجان شرقی,آذرشهر
آذربایجان شرقی,آقکند
آذربایجان شرقی,باسمنج
آذربایجان شرقی,بخشایش
آذربایجان شرقی,بستان آباد
آذربایجان شرقی,بناب
آذربایجان شرقی,بناب جدید
آذربایجان شرقی,تبریز
آذربایجان شرقی,ترک
آذربایجان شرقی,ترکمانچای
آذربایجان شرقی,تسوج
آذربایجان شرقی,تیکمه داش
آذربایجان شرقی,جلفا
آذربایجان شرقی,خاروانا
آذربایجان شرقی,خامنه
آذربایجان شرقی,خراجو
آذربایجان شرقی,خسروشهر
آذربایجان شرقی,خمارلو
آذربایجان شرقی,خواجه
آذربایجان شرقی,دوزدوزان
آذربایجان شرقی,زرنق
آذربایجان شرقی,زنوز
آذربایجان شرقی,سراب
آذربایجان شرقی,سردرود
آذربایجان شرقی,سیس
آذربایجان شرقی,سیه رود
آذربایجان شرقی,شبستر
آذربایجان شرقی,شربیان
آذربایجان شرقی,شرفخانه
آذربایجان شرقی,شندآباد
آذربایجان شرقی,شهرجدیدسهند
آذربایجان شرقی,صوفیان
آذربایجان شرقی,عجب شیر
آذربایجان شرقی,قره آغاج
آذربایجان شرقی,کشکسرای
آذربایجان شرقی,کلوانق
آذربایجان شرقی,کلیبر
آذربایجان شرقی,کوزه کنان
آذربایجان شرقی,گوگان
آذربایجان شرقی,لیلان
آذربایجان شرقی,مراغه
آذربایجان شرقی,مرند
آذربایجان شرقی,ملکان
آذربایجان شرقی,ممقان
آذربایجان شرقی,مهربان
آذربایجان شرقی,میانه
آذربایجان شرقی,نظرکهریزی
آذربایجان شرقی,وایقان
آذربایجان شرقی,ورزقان
آذربایجان شرقی,هادیشهر
آذربایجان شرقی,هریس
آذربایجان شرقی,هشترود
آذربایجان شرقی,هوراند
آذربایجان شرقی,یامچی
آذربایجان غربی,ارومیه
آذربایجان غربی,اشنویه
آذربایجان غربی,ایواوغلی
آذربایجان غربی,آواجیق
آذربایجان غربی,باروق
آذربایجان غربی,بازرگان
آذربایجان غربی,بوکان
آذربایجان غربی,پلدشت
آذربایجان غربی,پیرانشهر
آذربایجان غربی,تازه شهر
آذربایجان غربی,تکاب
آذربایجان غربی,چهاربرج
آذربایجان غربی,خلیفان
آذربایجان غربی,خوی
آذربایجان غربی,دیزج دیز
آذربایجان غربی,ربط
آذربایجان غربی,سردشت
آذربایجان غربی,سرو
آذربایجان غربی,سلماس
آذربایجان غربی,سیلوانه
آذربایجان غربی,سیمینه
آذربایجان غربی,سیه چشمه
آذربایجان غربی,شاهین دژ
آذربایجان غربی,شوط
آذربایجان غربی,فیرورق
آذربایجان غربی,قره ضیاءالدین
آذربایجان غربی,قطور
آذربایجان غربی,قوشچی
آذربایجان غربی,کشاورز
آذربایجان غربی,گردکشانه
آذربایجان غربی,ماکو
آذربایجان غربی,محمدیار
آذربایجان غربی,محمودآباد
آذربایجان غربی,مهاباد
آذربایجان غربی,میاندوآب
آذربایجان غربی,میرآباد
آذربایجان غربی,نالوس
آذربایجان غربی,نقده
آذربایجان غربی,نوشین
بوشهر,امام حسن
بوشهر,انارستان
بوشهر,اهرم
بوشهر,آبپخش
بوشهر,آبدان
بوشهر,برازجان
بوشهر,بردخون
بوشهر,بردستان
بوشهر,بندردیر
بوشهر,بندردیلم
بوشهر,بندرریگ
بوشهر,بندرکنگان
بوشهر,بندرگناوه
بوشهر,بنک
بوشهر,بوشهر
بوشهر,تنگ ارم
بوشهر,جم
بوشهر,چغادک
بوشهر,خارک
بوشهر,خورموج
بوشهر,دالکی
بوشهر,دلوار
بوشهر,ریز
بوشهر,سعدآباد
بوشهر,سیراف
بوشهر,شبانکاره
بوشهر,شنبه
بوشهر,عسلویه
بوشهر,کاکی
بوشهر,کلمه
بوشهر,نخل تقی
بوشهر,وحدتیه
تهران,ارجمند
تهران,اسلامشهر
تهران,اندیشه
تهران,آبسرد
تهران,آبعلی
تهران,باغستان
تهران,باقرشهر
تهران,بومهن
تهران,پاکدشت
تهران,پردیس
تهران,پیشوا
تهران,تجریش
تهران,تهران
تهران,جوادآباد
تهران,چهاردانگه
تهران,حسن آباد
تهران,دماوند
تهران,رباط کریم
تهران,رودهن
تهران,ری
تهران,شاهدشهر
تهران,شریف آباد
تهران,شهریار
تهران,صالح آباد
تهران,صباشهر
تهران,صفادشت
تهران,فردوسیه
تهران,فرون آباد
تهران,فشم
تهران,فیروزکوه
تهران,قدس
تهران,قرچک
تهران,کهریزک
تهران,کیلان
تهران,گلستان
تهران,لواسان
تهران,ملارد
تهران,نسیم شهر
تهران,نصیرآباد
تهران,وحیدیه
تهران,ورامین
چهارمحال وبختیاری,اردل
چهارمحال وبختیاری,آلونی
چهارمحال وبختیاری,باباحیدر
چهارمحال وبختیاری,بروجن
چهارمحال وبختیاری,بلداجی
چهارمحال وبختیاری,بن
چهارمحال وبختیاری,جونقان
چهارمحال وبختیاری,چلگرد
چهارمحال وبختیاری,سامان
چهارمحال وبختیاری,سفیددشت
چهارمحال وبختیاری,سودجان
چهارمحال وبختیاری,سورشجان
چهارمحال وبختیاری,شلمزار
چهارمحال وبختیاری,شهرکرد
چهارمحال وبختیاری,طاقانک
چهارمحال وبختیاری,فارسان
چهارمحال وبختیاری,فرادنبه
چهارمحال وبختیاری,فرخ شهر
چهارمحال وبختیاری,کیان
چهارمحال وبختیاری,گندمان
چهارمحال وبختیاری,گهرو
چهارمحال وبختیاری,لردگان
چهارمحال وبختیاری,مال خلیفه
چهارمحال وبختیاری,ناغان
چهارمحال وبختیاری,نافچ
چهارمحال وبختیاری,نقنه
چهارمحال وبختیاری,هفشجان
خراسان جنوبی,ارسک
خراسان جنوبی,اسدیه
خراسان جنوبی,اسفدن
خراسان جنوبی,اسلامیه
خراسان جنوبی,آرین شهر
خراسان جنوبی,آیسک
خراسان جنوبی,بشرویه
خراسان جنوبی,بیرجند
خراسان جنوبی,حاجی آباد
خراسان جنوبی,خضری دشت بیاض
خراسان جنوبی,خوسف
خراسان جنوبی,زهان
خراسان جنوبی,سرایان
خراسان جنوبی,سربیشه
خراسان جنوبی,سه قلعه
خراسان جنوبی,شوسف
خراسان جنوبی,طبس مسینا
خراسان جنوبی,فردوس
خراسان جنوبی,قائن
خراسان جنوبی,قهستان
خراسان جنوبی,گزیک
خراسان جنوبی,محمدشهر
خراسان جنوبی,مود
خراسان جنوبی,نهبندان
خراسان جنوبی,نیمبلوک
خراسان رضوی,احمدآبادصولت
خراسان رضوی,انابد
خراسان رضوی,باجگیران
خراسان رضوی,باخرز
خراسان رضوی,بار
خراسان رضوی,بایگ
خراسان رضوی,بجستان
خراسان رضوی,بردسکن
خراسان رضوی,بیدخت
خراسان رضوی,تایباد
خراسان رضوی,تربت جام
خراسان رضوی,تربت حیدریه
خراسان رضوی,جغتای
خراسان رضوی,جنگل
خراسان رضوی,چاپشلو
خراسان رضوی,چکنه
خراسان رضوی,چناران
خراسان رضوی,خرو
خراسان رضوی,خلیل آباد
خراسان رضوی,خواف
خراسان رضوی,داورزن
خراسان رضوی,درگز
خراسان رضوی,درود
خراسان رضوی,دولت آباد
خراسان رضوی,رباط سنگ
خراسان رضوی,رشتخوار
خراسان رضوی,رضویه
خراسان رضوی,روداب
خراسان رضوی,ریوش
خراسان رضوی,سبزوار
خراسان رضوی,سرخس
خراسان رضوی,سفیدسنگ
خراسان رضوی,سلامی
خراسان رضوی,سلطان آباد
خراسان رضوی,سنگان
خراسان رضوی,شادمهر
خراسان رضوی,شاندیز
خراسان رضوی,ششتمد
خراسان رضوی,شهرآباد
خراسان رضوی,شهرزو
خراسان رضوی,صالح آباد
خراسان رضوی,طرقبه
خراسان رضوی,عشق آباد
خراسان رضوی,فرهادگرد
خراسان رضوی,فریمان
خراسان رضوی,فیروزه
خراسان رضوی,فیض آباد
خراسان رضوی,قاسم آباد
خراسان رضوی,قدمگاه
خراسان رضوی,قلندرآباد
خراسان رضوی,قوچان
خراسان رضوی,کاخک
خراسان رضوی,کاریز
خراسان رضوی,کاشمر
خراسان رضوی,کدکن
خراسان رضوی,کلات
خراسان رضوی,کندر
خراسان رضوی,گلمکان
خراسان رضوی,گناباد
خراسان رضوی,لطف آباد
خراسان رضوی,مزدآوند
خراسان رضوی,مشهد
خراسان رضوی,مشهدریزه
خراسان رضوی,ملک آباد
خراسان رضوی,نشتیفان
خراسان رضوی,نصرآباد
خراسان رضوی,نقاب
خراسان رضوی,نوخندان
خراسان رضوی,نیشابور
خراسان رضوی,نیل شهر
خراسان رضوی,همت آباد
خراسان رضوی,یونسی
خراسان شمالی,اسفراین
خراسان شمالی,ایور
خراسان شمالی,آشخانه
خراسان شمالی,بجنورد
خراسان شمالی,پیش قلعه
خراسان شمالی,تیتکانلو
خراسان شمالی,جاجرم
خراسان شمالی,حصارگرمخان
خراسان شمالی,درق
خراسان شمالی,راز
خراسان شمالی,سنخواست
خراسان شمالی,شوقان
خراسان شمالی,شیروان
خراسان شمالی,صفی آباد
خراسان شمالی,فاروج
خراسان شمالی,قاضی
خراسان شمالی,گرمه
خراسان شمالی,لوجلی
خوزستان,اروندکنار
خوزستان,الوان
خوزستان,امیدیه
خوزستان,اندیمشک
خوزستان,اهواز
خوزستان,ایذه
خوزستان,آبادان
خوزستان,آغاجاری
خوزستان,باغ ملک
خوزستان,بستان
خوزستان,بندرامام خمینی
خوزستان,بندرماهشهر
خوزستان,بهبهان
خوزستان,ترکالکی
خوزستان,جایزان
خوزستان,جنت مکان
خوزستان,چغامیش
خوزستان,چمران
خوزستان,چوئبده
خوزستان,حر
خوزستان,حسینیه
خوزستان,حمزه
خوزستان,حمیدیه
خوزستان,خرمشهر
خوزستان,دارخوین
خوزستان,دزآب
خوزستان,دزفول
خوزستان,دهدز
خوزستان,رامشیر
خوزستان,رامهرمز
خوزستان,رفیع
خوزستان,زهره
خوزستان,سالند
خوزستان,سردشت
خوزستان,سماله
خوزستان,سوسنگرد
خوزستان,شادگان
خوزستان,شاوور
خوزستان,شرافت
خوزستان,شوش
خوزستان,شوشتر
خوزستان,شیبان
خوزستان,صالح شهر
خوزستان,صالح مشطط
خوزستان,صفی آباد
خوزستان,صیدون
خوزستان,قلعه تل
خوزستان,قلعه خواجه
خوزستان,گتوند
خوزستان,گوریه
خوزستان,لالی
خوزستان,مسجدسلیمان
خوزستان,مشراگه
خوزستان,مقاومت
خوزستان,ملاثانی
خوزستان,میانرود
خوزستان,میداود
خوزستان,مینوشهر
خوزستان,ویس
خوزستان,هفتگل
خوزستان,هندیجان
خوزستان,هویزه
زنجان,ابهر
زنجان,ارمغانخانه
زنجان,آب بر
زنجان,چورزق
زنجان,حلب
زنجان,خرمدره
زنجان,دندی
زنجان,زرین آباد
زنجان,زرین رود
زنجان,زنجان
زنجان,سجاس
زنجان,سلطانیه
زنجان,سهرورد
زنجان,صائین قلعه
زنجان,قیدار
زنجان,گرماب
زنجان,ماه نشان
زنجان,هیدج
سمنان,امیریه
سمنان,ایوانکی
سمنان,آرادان
سمنان,بسطام
سمنان,بیارجمند
سمنان,دامغان
سمنان,درجزین
سمنان,دیباج
سمنان,سرخه
سمنان,سمنان
سمنان,شاهرود
سمنان,شهمیرزاد
سمنان,کلاته خیج
سمنان,گرمسار
سمنان,مجن
سمنان,مهدی شهر
سمنان,میامی
سیستان وبلوچستان,ادیمی
سیستان وبلوچستان,اسپکه
سیستان وبلوچستان,ایرانشهر
سیستان وبلوچستان,بزمان
سیستان وبلوچستان,بمپور
سیستان وبلوچستان,بنت
سیستان وبلوچستان,بنجار
سیستان وبلوچستان,پیشین
سیستان وبلوچستان,جالق
سیستان وبلوچستان,چاه بهار
سیستان وبلوچستان,خاش
سیستان وبلوچستان,دوست محمد
سیستان وبلوچستان,راسک
سیستان وبلوچستان,زابل
سیستان وبلوچستان,زابلی
سیستان وبلوچستان,زاهدان
سیستان وبلوچستان,زرآباد
سیستان وبلوچستان,زهک
سیستان وبلوچستان,سراوان
سیستان وبلوچستان,سرباز
سیستان وبلوچستان,سوران
سیستان وبلوچستان,سیرکان
سیستان وبلوچستان,علی اکبر
سیستان وبلوچستان,فنوج
سیستان وبلوچستان,قصرقند
سیستان وبلوچستان,کنارک
سیستان وبلوچستان,گشت
سیستان وبلوچستان,گلمورتی
سیستان وبلوچستان,محمدان
سیستان وبلوچستان,محمدآباد
سیستان وبلوچستان,محمدی
سیستان وبلوچستان,میرجاوه
سیستان وبلوچستان,نصرت آباد
سیستان وبلوچستان,نگور
سیستان وبلوچستان,نوک آباد
سیستان وبلوچستان,نیک شهر
سیستان وبلوچستان,هیدوج
فارس,اردکان
فارس,ارسنجان
فارس,استهبان
فارس,اسیر
فارس,اشکنان
فارس,افزر
فارس,اقلید
فارس,امام شهر
فارس,اوز
فارس,اهل
فارس,ایج
فارس,ایزدخواست
فارس,آباده
فارس,آباده طشک
فارس,باب انار
فارس,بالاده
فارس,بنارویه
فارس,بوانات
فارس,بهمن
فارس,بیرم
فارس,بیضا
فارس,جنت شهر
فارس,جویم
فارس,جهرم
فارس,حاجی آباد
فارس,حسامی
فارس,حسن آباد
فارس,خانه زنیان
فارس,خاوران
فارس,خرامه
فارس,خشت
فارس,خنج
فارس,خور
فارس,خومه زار
فارس,داراب
فارس,داریان
فارس,دبیران
فارس,دژکرد
فارس,دوبرجی
فارس,دوزه
فارس,دهرم
فارس,رامجرد
فارس,رونیز
فارس,زاهدشهر
فارس,زرقان
فارس,سده
فارس,سروستان
فارس,سعادت شهر
فارس,سورمق
فارس,سیدان
فارس,ششده
فارس,شهر جدید صدرا
فارس,شهرپیر
فارس,شیراز
فارس,صغاد
فارس,صفاشهر
فارس,علامرودشت
فارس,عمادده
فارس,فدامی
فارس,فراشبند
فارس,فسا
فارس,فیروزآباد
فارس,قادرآباد
فارس,قائمیه
فارس,قطب آباد
فارس,قطرویه
فارس,قیر
فارس,کارزین
فارس,کازرون
فارس,کامفیروز
فارس,کره ای
فارس,کنارتخته
فارس,کوار
فارس,کوهنجان
فارس,گراش
فارس,گله دار
فارس,لار
فارس,لامرد
فارس,لپوئی
فارس,لطیفی
فارس,مبارک آباد
فارس,مرودشت
فارس,مشکان
فارس,مصیری
فارس,مهر
فارس,میمند
فارس,نوبندگان
فارس,نوجین
فارس,نودان
فارس,نورآباد
فارس,نی ریز
فارس,وراوی
فارس,هماشهر
قزوین,ارداق
قزوین,اسفرورین
قزوین,اقبالیه
قزوین,الوند
قزوین,آبگرم
قزوین,آبیک
قزوین,آوج
قزوین,بوئین زهرا
قزوین,بیدستان
قزوین,تاکستان
قزوین,خاکعلی
قزوین,خرمدشت
قزوین,دانسفهان
قزوین,رازمیان
قزوین,سگزآباد
قزوین,سیردان
قزوین,شال
قزوین,شریفیه
قزوین,ضیاءآباد
قزوین,قزوین
قزوین,کوهین
قزوین,محمدیه
قزوین,محمودآبادنمونه
قزوین,معلم کلایه
قزوین,نرجه
قم,جعفریه
قم,دستجرد
قم,سلفچگان
قم,قم
قم,قنوات
قم,کهک
کردستان,آرمرده
کردستان,بابارشانی
کردستان,بانه
کردستان,بلبان آباد
کردستان,بوئین سفلی
کردستان,بیجار
کردستان,چناره
کردستان,دزج
کردستان,دلبران
کردستان,دهگلان
کردستان,دیواندره
کردستان,زرینه
کردستان,سروآباد
کردستان,سریش آباد
کردستان,سقز
کردستان,سنندج
کردستان,شویشه
کردستان,صاحب
کردستان,قروه
کردستان,کامیاران
کردستان,کانی دینار
کردستان,کانی سور
کردستان,مریوان
کردستان,موچش
کردستان,یاسوکند
کرمان,اختیارآباد
کرمان,ارزوئیه
کرمان,امین شهر
کرمان,انار
کرمان,اندوهجرد
کرمان,باغین
کرمان,بافت
کرمان,بردسیر
کرمان,بروات
کرمان,بزنجان
کرمان,بم
کرمان,بهرمان
کرمان,پاریز
کرمان,جبالبارز
کرمان,جوپار
کرمان,جوزم
کرمان,جیرفت
کرمان,چترود
کرمان,خاتون آباد
کرمان,خانوک
کرمان,خورسند
کرمان,درب بهشت
کرمان,دوساری
کرمان,دهج
کرمان,رابر
کرمان,راور
کرمان,راین
کرمان,رفسنجان
کرمان,رودبار
کرمان,ریحان شهر
کرمان,زرند
کرمان,زنگی آباد
کرمان,زیدآباد
کرمان,سرچشمه
کرمان,سیرجان
کرمان,شهداد
کرمان,شهربابک
کرمان,صفائیه
کرمان,عنبرآباد
کرمان,فاریاب
کرمان,فهرج
کرمان,قلعه گنج
کرمان,کاظم آباد
کرمان,کرمان
کرمان,کشکوئیه
کرمان,کوهبنان
کرمان,کهنوج
کرمان,کیانشهر
کرمان,گلباف
کرمان,گلزار
کرمان,لاله زار
کرمان,ماهان
کرمان,محمدآباد
کرمان,محی آباد
کرمان,مردهک
کرمان,منوجان
کرمان,نجف شهر
کرمان,نرماشیر
کرمان,نظام شهر
کرمان,نگار
کرمان,نودژ
کرمان,هجدک
کرمان,هماشهر
کرمان,یزدان شهر
کرمانشاه,ازگله
کرمانشاه,اسلام آبادغرب
کرمانشاه,باینگان
کرمانشاه,بیستون
کرمانشاه,پاوه
کرمانشاه,تازه آباد
کرمانشاه,جوانرود
کرمانشاه,حمیل
کرمانشاه,رباط
کرمانشاه,روانسر
کرمانشاه,سرپل ذهاب
کرمانشاه,سرمست
کرمانشاه,سطر
کرمانشاه,سنقر
کرمانشاه,سومار
کرمانشاه,شاهو
کرمانشاه,صحنه
کرمانشاه,قصرشیرین
کرمانشاه,کرمانشاه
کرمانشاه,کرندغرب
کرمانشاه,کنگاور
کرمانشاه,کوزران
کرمانشاه,گهواره
کرمانشاه,گیلانغرب
کرمانشاه,میان راهان
کرمانشاه,نودشه
کرمانشاه,نوسود
کرمانشاه,هرسین
کرمانشاه,هلشی
کهگیلویه وبویراحمد,باشت
کهگیلویه وبویراحمد,پاتاوه
کهگیلویه وبویراحمد,چرام
کهگیلویه وبویراحمد,چیتاب
کهگیلویه وبویراحمد,دوگنبدان
کهگیلویه وبویراحمد,دهدشت
کهگیلویه وبویراحمد,دیشموک
کهگیلویه وبویراحمد,سوق
کهگیلویه وبویراحمد,سی سخت
کهگیلویه وبویراحمد,قلعه رئیسی
کهگیلویه وبویراحمد,گراب سفلی
کهگیلویه وبویراحمد,لنده
کهگیلویه وبویراحمد,لیکک
کهگیلویه وبویراحمد,مادوان
کهگیلویه وبویراحمد,مارگون
کهگیلویه وبویراحمد,یاسوج
گلستان,انبارآلوم
گلستان,اینچه برون
گلستان,آزادشهر
گلستان,آق قلا
گلستان,بندرگز
گلستان,ترکمن
گلستان,جلین
گلستان,خان ببین
گلستان,دلند
گلستان,رامیان
گلستان,سرخنکلاته
گلستان,سیمین شهر
گلستان,علی آباد
گلستان,فاضل آباد
گلستان,کردکوی
گلستان,کلاله
گلستان,گالیکش
گلستان,گرگان
گلستان,گمیش تپه
گلستان,گنبد کاووس
گلستان,مراوه تپه
گلستان,مینودشت
گلستان,نگین شهر
گلستان,نوده خاندوز
گلستان,نوکنده
گیلان,احمدسرگوراب
گیلان,اسالم
گیلان,اطاقور
گیلان,املش
گیلان,آستارا
گیلان,آستانه اشرفیه
گیلان,بازارجمعه
گیلان,بره سر
گیلان,بندرانزلی
گیلان,پره سر
گیلان,توتکابن
گیلان,جیرنده
گیلان,چابکسر
گیلان,چاف وچمخاله
گیلان,چوبر
گیلان,حویق
گیلان,خشکبیجار
گیلان,خمام
گیلان,دیلمان
گیلان,رانکوه
گیلان,رحیم آباد
گیلان,رستم آباد
گیلان,رشت
گیلان,رضوانشهر
گیلان,رودبار
گیلان,رودبنه
گیلان,رودسر
گیلان,سنگر
گیلان,سیاهکل
گیلان,شفت
گیلان,شلمان
گیلان,صومعه سرا
گیلان,فومن
گیلان,کلاچای
گیلان,کوچصفهان
گیلان,کومله
گیلان,کیاشهر
گیلان,گوراب زرمیخ
گیلان,لاهیجان
گیلان,لشت نشاء
گیلان,لنگرود
گیلان,لوشان
گیلان,لولمان
گیلان,لوندویل
گیلان,لیسار
گیلان,ماسال
گیلان,ماسوله
گیلان,مرجقل
گیلان,منجیل
گیلان,واجارگاه
گیلان,هشتپر
لرستان,ازنا
لرستان,اشترینان
لرستان,الشتر
لرستان,الیگودرز
لرستان,بروجرد
لرستان,پلدختر
لرستان,چالانچولان
لرستان,چغلوندی
لرستان,چقابل
لرستان,خرم آباد
لرستان,درب گنبد
لرستان,دورود
لرستان,زاغه
لرستان,سپیددشت
لرستان,سراب دوره
لرستان,شول آباد
لرستان,فیروزآباد
لرستان,کونانی
لرستان,کوهدشت
لرستان,گراب
لرستان,معمولان
لرستان,مؤمن آباد
لرستان,نورآباد
لرستان,ویسیان
لرستان,هفت چشمه
مازندران,امیرکلا
مازندران,ایزدشهر
مازندران,آلاشت
مازندران,آمل
مازندران,بابل
مازندران,بابلسر
مازندران,بلده
مازندران,بهشهر
مازندران,بهنمیر
مازندران,پل سفید
مازندران,پول
مازندران,تنکابن
مازندران,جویبار
مازندران,چالوس
مازندران,چمستان
مازندران,خرم آباد
مازندران,خلیل شهر
مازندران,خوش رودپی
مازندران,دابودشت
مازندران,رامسر
مازندران,رستمکلا
مازندران,رویان
مازندران,رینه
مازندران,زرگر محله
مازندران,زیرآب
مازندران,ساری
مازندران,سرخرود
مازندران,سلمان شهر
مازندران,سورک
مازندران,شیرگاه
مازندران,شیرود
مازندران,عباس آباد
مازندران,فریدونکنار
مازندران,فریم
مازندران,قائم شهر
مازندران,کتالم وسادات شهر
مازندران,کلارآباد
مازندران,کلاردشت
مازندران,کله بست
مازندران,کوهی خیل
مازندران,کیاسر
مازندران,کیاکلا
مازندران,گتاب
مازندران,گزنک
مازندران,گلوگاه
مازندران,محمودآباد
مازندران,مرزن آباد
مازندران,مرزیکلا
مازندران,نشتارود
مازندران,نکا
مازندران,نور
مازندران,نوشهر
مرکزی,اراک
مرکزی,آستانه
مرکزی,آشتیان
مرکزی,پرندک
مرکزی,تفرش
مرکزی,توره
مرکزی,جاورسیان
مرکزی,خشکرود
مرکزی,خمین
مرکزی,خنداب
مرکزی,داودآباد
مرکزی,دلیجان
مرکزی,رازقان
مرکزی,زاویه
مرکزی,ساروق
مرکزی,ساوه
مرکزی,سنجان
مرکزی,شازند
مرکزی,شهرجدیدمهاجران
مرکزی,غرق آباد
مرکزی,فرمهین
مرکزی,قورچی باشی
مرکزی,کرهرود
مرکزی,کمیجان
مرکزی,مأمونیه
مرکزی,محلات
مرکزی,میلاجرد
مرکزی,نراق
مرکزی,نوبران
مرکزی,نیمور
مرکزی,هندودر
هرمزگان,ابوموسی
هرمزگان,بستک
هرمزگان,بندرجاسک
هرمزگان,بندرچارک
هرمزگان,بندرعباس
هرمزگان,بندرلنگه
هرمزگان,بیکاه
هرمزگان,پارسیان
هرمزگان,تخت
هرمزگان,جناح
هرمزگان,حاجی آباد
هرمزگان,خمیر
هرمزگان,درگهان
هرمزگان,دهبارز
هرمزگان,رویدر
هرمزگان,زیارتعلی
هرمزگان,سردشت بشاگرد
هرمزگان,سرگز
هرمزگان,سندرک
هرمزگان,سوزا
هرمزگان,سیریک
هرمزگان,فارغان
هرمزگان,فین
هرمزگان,قشم
هرمزگان,قلعه قاضی
هرمزگان,کنگ
هرمزگان,کوشکنار
هرمزگان,کیش
هرمزگان,گوهران
هرمزگان,میناب
هرمزگان,هرمز
هرمزگان,هشتبندی
همدان,ازندریان
همدان,اسدآباد
همدان,برزول
همدان,بهار
همدان,تویسرکان
همدان,جورقان
همدان,جوکار
همدان,دمق
همدان,رزن
همدان,زنگنه
همدان,سامن
همدان,سرکان
همدان,شیرین سو
همدان,صالح آباد
همدان,فامنین
همدان,فرسفج
همدان,فیروزان
همدان,قروه در جزین
همدان,قهاوند
همدان,کبودرآهنگ
همدان,گل تپه
همدان,گیان
همدان,لالجین
همدان,مریانج
همدان,ملایر
همدان,نهاوند
همدان,همدان
یزد,ابرکوه
یزد,احمدآباد
یزد,اردکان
یزد,اشکذر
یزد,بافق
یزد,بفروئیه
یزد,بهاباد
یزد,تفت
یزد,حمیدیا
یزد,خضرآباد
یزد,دیهوک
یزد,زارچ
یزد,شاهدیه
یزد,طبس
یزد,عشق آباد
یزد,عقدا
یزد,مروست
یزد,مهردشت
یزد,مهریز
یزد,میبد
یزد,ندوشن
یزد,نیر
یزد,هرات
یزد,یزد
